model,sharpe,mean_return,volatility
ridge,0.41626871415799627,0.00028610496343960514,0.010910681822248802
rf,0.02788085352832308,1.9170235429590022e-05,0.010914947521903627
